<?xml version="1.0" encoding="UTF-8"?>
<project-private xmlns="http://www.netbeans.org/ns/project-private/1">
    <editor-bookmarks xmlns="http://www.netbeans.org/ns/editor-bookmarks/2" lastBookmarkId="0"/>
    <open-files xmlns="http://www.netbeans.org/ns/projectui-open-files/2">
        <group>
            <file>file:/home/kittu333/NetBeansProjects/pool/web/index.html</file>
            <file>file:/home/kittu333/NetBeansProjects/pool/web/WEB-INF/web.xml</file>
            <file>file:/home/kittu333/NetBeansProjects/pool/src/java/CachedConnectionServlet.java</file>
            <file>file:/home/kittu333/NetBeansProjects/pool/src/java/Viewservlet.java</file>
            <file>file:/home/kittu333/NetBeansProjects/pool/src/java/Deleteservlet.java</file>
        </group>
    </open-files>
</project-private>
